Abstract_DOI,HS_Materials,Power_Value,Frequency Value,Design_Type,TemperatureValue_CW,Temperature_ValuePM
10.1063/1.2189671,,,,,,
10.1364/OE.23.019689,,,,,,
10.1063/1.1554479,,,,,,
10.1063/1.3114418,,,,,,
10.1063/1.4862177,,,,,,
10.1063/1.3702571,,,,,,
10.1063/1.4983030,,,,,,
10.1088/0256-307X/30/6/064201,,,,,,
10.1088/1361-6641/abdd4b,,,,,,
10.1088/1757-899X/475/1/012020,,,,,,
10.1364/OE.26.009194,,,,,,
10.1063/5.0198236,,,,,,
10.1088/1367-2630/18/12/123004,,,,,,
10.1063/1.4766915,,,,,,
10.1063/1.4826943,,,,,,
10.1088/1674-1056/25/8/084206,,,,,,
10.1063/1.4959195,,,,,,
10.1063/1.4939551,,,,,,
10.1088/1367-2630/17/2/023050,,,,,,
10.1063/1.2404598,,,,,,
10.1364/OPEX.13.003331,,,,,,
10.1063/1.2793177,,,,,,
10.1088/0268-1242/20/7/013,,,,,,
10.1063/5.0176281,,,,,,
10.1063/1.3068496,,,,,,
10.1364/OE.17.019926,,,,,,
10.1063/1.4943657,,,,,,
10.1063/1.2136222,,,,,,
10.1063/1.4816352,,,,,,
10.1063/1.3532106,,,,,,
10.1049/el.2013.4035,,,,,,
10.1364/OE.16.003242,,,,,,
10.1063/1.2737129,,,,,,
10.1063/1.2216112,,,,,,
10.1063/1.3496035,,,,,,
10.1063/1.1611642,,,,,,
10.1063/1.2437071,,,,,,
10.1063/1.3579260,,,,,,
10.1063/1.5110305,,,,,,
10.1364/OE.438636,,,,,,
10.1088/1361-6641/ab1401,,,,,,
10.1063/5.0155250,,,,,,
